Siret;UAI validée;Raison sociale;Enseigne;numero_declaration_activite;etat_administratif;Nature;Adresse;Académie;Région;Qualiopi;Réseaux;Réseaux à jour;Nombre de relations;Nombre de lieux de formation;Date d'import;UAI probable;UAI potentielle 1;
33405590200053;0442590B;ECOLE DE DESIGN NANTES ATLANTIQUE;;52440080744;actif;responsable_formateur;61 Boulevard de la Prairie au Duc 44200 Nantes;Nantes;Pays de la Loire;Oui;;cci;;1;19/08/2022;0442590B;0442332W;
18790001400098;0791088D;CHAMBRE DE COMMERCE ET D'INDUSTRIE;CCI FORMATION- SUP'TG NIORT;5479P000279;actif;responsable_formateur;Rue Ernest Pérochon 79000 Niort;Poitiers;Nouvelle-Aquitaine;Oui;;cci;;4;20/07/2022;0791088D;0791088D;
90111295300012;0401095Y;ECOLE SUPERIEURE DU NUMERIQUE DES LANDES;;75400185040;actif;inconnue;293 Avenue du Maréchal Foch 40000 Mont-de-Marsan;Bordeaux;Nouvelle-Aquitaine;Oui;;cci;;;20/06/2022;;0401071X;
82445767500059;0641873N;ECOLE SUPERIEURE DES TECHNOLOGIES INDUSTRIELLES AVANCEES - ESTIA;ESTIA ECOLE D'INGENIEURS;75640409164;actif;responsable_formateur;Allée Fauste d'Elhuyar 64210 Bidart;Bordeaux;Nouvelle-Aquitaine;Oui;;cci;;1;31/03/2022;0641873N;0641873N;
18040001200076;0040589U;CHAMBRE DE COMMERCE ET D'INDUSTRIE TERRITORIALE ALPES-DE-HAUTE-PROVENCE;ECO-CAMPUS PROVENCE FORMATION;9304P000204;actif;formateur;445 Rue Gabriel Besson 04220 Sainte-Tulle;Aix-Marseille;Provence-Alpes-Côte d'Azur;Oui;;cci;2;1;24/03/2022;0040589U;0040548Z;
45235951600054;0912263R;FACULTE DES METIERS DE L ESSONNE;;11910566091;actif;formateur;1 Rue Galvani 91300 Massy;Versailles;Île-de-France;Oui;;cci;2;1;21/03/2022;0912263R;0912263R;
13002980400072;0171208W;CHAMBRE DE COMMERCE ET D'INDUSTRIE TERRITORIALE CHARENTE-MARITIME;CFA COMMERCE DE SAINTES;75170269817;actif;responsable_formateur;Rue de l'Ormeau de Pied 17100 Saintes;Poitiers;Nouvelle-Aquitaine;Oui;;cci;2;4;21/03/2022;0171208W;0171208W;
13002914300026;0251872Z;CHAMBRE DE COMMERCE ET D'INDUSTRIE TERRITORIALE SAONE-DOUBS;GROUPE IMEA CAMPUS BESANCON;;actif;formateur;46 Avenue Villarceau 25000 Besançon;Besançon;Bourgogne-Franche-Comté;Non;;cci;5;1;21/03/2022;;;
13002914300083;0701045F;CHAMBRE DE COMMERCE ET D'INDUSTRIE TERRITORIALE SAONE-DOUBS;GROUPE IMEA CAMPUS VESOUL;;actif;formateur;1 Rue Victor Dolle 70000 Vesoul;Besançon;Bourgogne-Franche-Comté;Non;;cci;5;1;21/03/2022;;;
13002914300042;0252005U;CHAMBRE DE COMMERCE ET D'INDUSTRIE TERRITORIALE SAONE-DOUBS;GROUPE IMEA CAMPUS MONTBELIARD;;actif;formateur;4 Rue Jean Bauhin 25200 Montbéliard;Besançon;Bourgogne-Franche-Comté;Non;;cci;5;1;21/03/2022;;;
89079142900099;0480714R;PURPLE CAMPUS;;76341086134;actif;formateur;10 Rue Albert Einstein 48000 Mende;Montpellier;Occitanie;Oui;;cci;17;2;11/02/2022;0480714R;0480714R;
89079142900057;0342327V;PURPLE CAMPUS;;76341086134;actif;formateur;220 Avenue du Maréchal Juin 34200 Sète;Montpellier;Occitanie;Oui;;cci;16;1;11/02/2022;0342327V;0342327V;
18640002400177;0134474T;CHAMBRE COMMERCE & INDUSTRIE PAU BEARN;CNPC;7264P000564;actif;formateur;48 Avenue Marius Chalve 13140 Miramas;Aix-Marseille;Provence-Alpes-Côte d'Azur;Oui;cci;cci;6;1;11/02/2022;;;
13002980400015;0171511A;CHAMBRE DE COMMERCE ET D'INDUSTRIE TERRITORIALE CHARENTE-MARITIME;;75170269817;actif;inconnue;Rue Jean Baptiste Audebert 17300 Rochefort;Poitiers;Nouvelle-Aquitaine;Oui;;cci;1;;11/02/2022;;;
13002948100095;0711317W;CHAMBRE DE COMMERCE ET D INDUSTRIE METROPOLE DE BOURGOGNE;CENTRE DE FORMATION ET D'APPRENTISSAGE AUX METIERS;27210429021;actif;responsable_formateur;288 Rue Claude Bernard 71000 Mâcon;Dijon;Bourgogne-Franche-Comté;Oui;;cci;1;1;25/01/2022;0711317W;0711317W;
45235951600047;0911826R;FACULTE DES METIERS DE L ESSONNE;;11910566091;actif;responsable_formateur;3 Rue de Villeroy 91070 Bondoufle;Versailles;Île-de-France;Oui;;cci;2;1;25/01/2022;0911826R;0911826R;
88930797100057;0783697V;ECOLE SUPERIEURE DE VENTE ET DE MANAGEMENT - CCI PARIS ILE-DE-FRANCE EDUCATION;;;actif;formateur;7 Avenue des 3 Peuples 78180 Montigny-le-Bretonneux;Versailles;Île-de-France;Non;;cci;8;1;25/01/2022;0783697V;0783697V;
89003049700048;0755900F;GOBELINS-CCI PARIS ILE DE FRANCE;;;actif;formateur;247 Avenue Gambetta 75020 Paris;Paris;Île-de-France;Non;;cci;2;1;25/01/2022;0755900F;0754197E;
85331736000016;0212253K;ECOLE SUPERIEURE APPLIQUEE AU DESIGN ET AU DIGITAL;;;actif;formateur;4 Boulevard Docteur Jean Veillet 21000 Dijon;Dijon;Bourgogne-Franche-Comté;Non;;cci;1;1;25/01/2022;;;
88930797100073;0951721E;ECOLE SUPERIEURE DE VENTE ET DE MANAGEMENT - CCI PARIS ILE-DE-FRANCE EDUCATION;;;actif;formateur;14 Place du Cardinal Mercier 95880 Enghien-les-Bains;Versailles;Île-de-France;Non;;cci;8;1;25/01/2022;0951721E;0951721E;
88930797100032;0783807P;ECOLE SUPERIEURE DE VENTE ET DE MANAGEMENT - CCI PARIS ILE-DE-FRANCE EDUCATION;;;actif;formateur;27 Rue du Chantier d’Herube 78410 Aubergenville;Versailles;Île-de-France;Non;;cci;8;1;25/01/2022;0783807P;0783807P;
88930797100081;0952262T;ECOLE SUPERIEURE DE VENTE ET DE MANAGEMENT - CCI PARIS ILE-DE-FRANCE EDUCATION;;;actif;formateur;8 Rue Pierre de Coubertin 95300 Pontoise;Versailles;Île-de-France;Non;;cci;8;2;25/01/2022;0952262T;0952262T;
88930797100040;0782058N;ECOLE SUPERIEURE DE VENTE ET DE MANAGEMENT - CCI PARIS ILE-DE-FRANCE EDUCATION;;;actif;formateur;44 Rue Raymond Patenôtre 78120 Rambouillet;Versailles;Île-de-France;Non;;cci;8;1;25/01/2022;0782058N;0782058N;
88941511300030;0754955D;ECOLE SUPERIEURE DE LA PRODUCTION DE LA MODE ET DU LUXE;;;actif;formateur;6 Avenue de la Porte de Champerret 75017 Paris;Paris;Île-de-France;Non;;cci;2;1;25/01/2022;0754955D;0754955D;
88941511300022;0782090Y;ECOLE SUPERIEURE DE LA PRODUCTION DE LA MODE ET DU LUXE;;11788461778;actif;formateur;34 Rue du Parc de Clagny 78000 Versailles;Versailles;Île-de-France;Non;;cci;2;1;25/01/2022;0782090Y;0782090Y;
18580003400067;0580999W;CHAMBRE COMMERCE ET INDUSTRIE LA NIEVRE;GROUPE CCI FORMATION;2658P000558;actif;formateur;74 Rue Faidherbe 58000 Nevers;Dijon;Bourgogne-Franche-Comté;Non;;cci;2;1;25/01/2022;;0580979Z;
13002172800204;0501840D;CHAMBRE DE COMMERCE ET D'INDUSTRIE TERRITORIALE OUEST NORMANDIE;FIM - CENTRE DE FORMATION DES APPRENTIS;25500110350;actif;formateur;86 Rue de l'Exode 50000 Saint-Lô;Normandie;Normandie;Oui;;cci;6;1;25/01/2022;0501840D;0501614H;
13002179300026;0271691S;CHAMBRE DE COMMERCE ET D'INDUSTRIE TERRITORIALE PORTES DE NORMANDIE;CCI FORMATION;28270194427;actif;responsable_formateur;Rue Henri Becquerel 27000 Évreux;Normandie;Normandie;Oui;cci;cci;3;4;25/01/2022;0271691S;0271691S;
13002172800261;0501614H;CHAMBRE DE COMMERCE ET D'INDUSTRIE TERRITORIALE OUEST NORMANDIE;FIM-CENTRE DE FORMATION DES APPRENTIS;25500110350;actif;formateur;170 Rue Lycette Darsonval 50000 Saint-Lô;Normandie;Normandie;Oui;cci;cci;6;1;25/01/2022;0501614H;0501614H;
89003049700022;0754969U;GOBELINS-CCI PARIS ILE DE FRANCE;;11756129975;actif;formateur;73 Boulevard Saint-Marcel 75013 Paris;Paris;Île-de-France;Non;;cci;2;1;25/01/2022;0754969U;0754855V;
13001278400018;0811267M;CHAMBRE DE COMMERCE ET D INDUSTRIE DU TARN;;73810093881;actif;formateur;1 Avenue Général Hoche 81000 Albi;Toulouse;Occitanie;Non;;cci;1;1;25/01/2022;;0342318K;
13002172800196;0501931C;CHAMBRE DE COMMERCE ET D'INDUSTRIE TERRITORIALE OUEST NORMANDIE;FIM - CENTRE DE FORMATION DES APPRENTIS;25500110350;actif;formateur;68 Rue Jean Monnet 50400 Granville;Normandie;Normandie;Oui;cci;cci;6;1;25/01/2022;0501931C;0501614H;
53921684600011;0391091Z;ECOLE DE MANAGEMENT COMMERCIAL DU JURA;;43390093239;actif;formateur;33 Place de la Comedie 39000 Lons-le-Saunier;Besançon;Bourgogne-Franche-Comté;Non;;cci;1;1;25/01/2022;0391091Z;0391091Z;
13002172800071;0501565E;CHAMBRE DE COMMERCE ET D'INDUSTRIE TERRITORIALE OUEST NORMANDIE;FIM - CENTRE DE FORMATION DES APPRENTIS;25500110350;actif;formateur;Rue des Vindits 50130 Cherbourg-en-Cotentin;Normandie;Normandie;Oui;cci;cci;6;1;25/01/2022;0501565E;0501565E;
82394575300015;0210099U;ESC DIJON-BOURGOGNE;BURGUNDY SCHOOL OF BUSINESS;27210368521;actif;formateur;29 Rue Sambin 21000 Dijon;Dijon;Bourgogne-Franche-Comté;Non;;cci;1;1;25/01/2022;0210099U;0210099U;
18230801500136;0230412Y;CHAMBRE COMMERCE ET INDUSTRIE DE GUERET;CENTRE DE LA FORMATION DE LA CCI;7423P000223;actif;responsable_formateur;8 Avenue d'Auvergne 23000 Guéret;Limoges;Nouvelle-Aquitaine;Oui;;cci;1;;25/01/2022;0230412Y;0230412Y;
13002172800014;0501614H;CHAMBRE DE COMMERCE ET D'INDUSTRIE TERRITORIALE OUEST NORMANDIE;;25500110350;actif;responsable_formateur;86 Rue de l'Exode 50000 Saint-Lô;Normandie;Normandie;Oui;cci;cci;8;1;25/01/2022;0501614H;0501565E;
13002271800642;0624504J;CHAMBRE DE COMMERCE ET D'INDUSTRIE DE REGION HAUTS-DE-FRANCE;STARTEVO;32590928359;actif;formateur;Rue Maurice Clabaut 62500 Leulinghem;Lille;Hauts-de-France;Oui;cci;cci;15;2;03/01/2022;0624504J;0624504J;
13002271800600;0623801V;CHAMBRE DE COMMERCE ET D'INDUSTRIE DE REGION HAUTS-DE-FRANCE;STARTEVO;32590928359;actif;formateur;Avenue de Bruxelles ZI du Brockus 62500 Saint-Omer;Lille;Hauts-de-France;Oui;;cci;14;1;03/01/2022;0623801V;0623801V;
89079142900164;0121440A;PURPLE CAMPUS;;76341086134;actif;formateur;5 Rue de Bruxelles 12000 Rodez;Toulouse;Occitanie;Oui;;cci;16;1;03/01/2022;0121440A;0121440A;
89079142900149;0090656P;PURPLE CAMPUS;;76341086134;actif;formateur;1 Zone Artisanale de la Gare 09000 Saint-Paul-de-Jarrat;Toulouse;Occitanie;Oui;;cci;16;5;03/01/2022;0090656P;0090656P;
89079142900172;0811267M;PURPLE CAMPUS;;76341086134;actif;formateur;6 Avenue Général Hoche 81000 Albi;Toulouse;Occitanie;Oui;;cci;16;3;03/01/2022;0342318K;0342318K;
89079142900198;0651115J;PURPLE CAMPUS;;76341086134;actif;formateur;78 Avenue d'Azereix 65000 Tarbes;Toulouse;Occitanie;Oui;;cci;17;1;03/01/2022;0651115J;0342318K;
89079142900107;0342156J;PURPLE CAMPUS;;76341086134;actif;formateur;308 Rue de Chiclana 34500 Béziers;Montpellier;Occitanie;Oui;;cci;16;2;03/01/2022;0342156J;0342156J;
89079142900180;0811377G;PURPLE CAMPUS;;76341086134;actif;formateur;40 Allée Alphonse Juin Maréchal de France 81100 Castres;Toulouse;Occitanie;Oui;;cci;16;1;03/01/2022;0811377G;0342318K;
89079142900065;0660759S;PURPLE CAMPUS;;76341086134;actif;formateur;1 Avenue Paul Pascot 66000 Perpignan;Montpellier;Occitanie;Oui;;cci;17;4;03/01/2022;0660759S;0342318K;
51400512300013;0130239P;GROUPE KEDGE BUSINESS SCHOOL;;93131340113;actif;responsable_formateur;Avenue de luminy 13009 Marseille;Aix-Marseille;Provence-Alpes-Côte d'Azur;Oui;;cci;4;1;03/01/2022;0130239P;0130239P;
51400512300120;0831448Y;GROUPE KEDGE BUSINESS SCHOOL;;93131340113;actif;formateur;1 Parvis des Ecoles 83000 Toulon;Nice;Provence-Alpes-Côte d'Azur;Oui;;cci;2;1;03/01/2022;0831448Y;0133527N;
32886010100042;0211479U;ASS GEST DEVELOP CTRE FORMATION APPRENTI;;26210018121;actif;responsable_formateur;1 Chemin de la Noue 21600 Longvic;Dijon;Bourgogne-Franche-Comté;Oui;cma;cci|cma;;1;03/01/2022;0211479U;0211479U;
13001408700014;9711186M;CHAMBRE DE COMMERCE ET D INDUSTRIE DE REGION DES ILES DE GUADELOUPE;;95970041997;actif;responsable_formateur;Rue Felix Eboue 97110 Pointe-à-Pitre;Guadeloupe;Guadeloupe;Oui;;cci;;;03/01/2022;9711186M;9711186M;
13002280900110;0351883G;CHAMBRE DE COMMERCE ET D'INDUSTRIE TERRITORIALE ILLE-ET-VILAINE;CENTRE DE FORMATION DES APPRENTIS;53351000435;actif;responsable_formateur;17 Rue de Siochan 35430 Saint-Jouan-des-Guérets;Rennes;Bretagne;Oui;;cci;5;1;03/01/2022;0351883G;0351883G;
13002280900029;0351884H;CHAMBRE DE COMMERCE ET D'INDUSTRIE TERRITORIALE ILLE-ET-VILAINE;FACULTE DES METIERS;53351000435;actif;responsable_formateur;Rue des Frères Montgolfier 35170 Bruz;Rennes;Bretagne;Oui;cci;cci;5;2;03/01/2022;0351884H;0350998V;
18770918300292;0772919E;CHAMBRE DE COMMERCE ET D'INDUSTRIE;;1177P000677;actif;formateur;49 Avenue Thiers 77000 Melun;Créteil;Île-de-France;Oui;;cci;5;1;17/12/2021;0772919E;0772919E;
38980235600045;0471027L;SUD MANAGEMENT;;72470032947;actif;responsable_formateur;Rue Henri Barbusse 47300 Villeneuve-sur-Lot;Bordeaux;Nouvelle-Aquitaine;Oui;;cci;1;2;17/12/2021;0471027L;0471027L;
18560005300234;0561783J;CHAMBRE COMMERCE ET INDUSTRIE MORBIHAN;CCI MORBIHAN FORMATION;5356P001456;actif;responsable_formateur;21 Quai des Indes 56100 Lorient;Rennes;Bretagne;Oui;;cci;;3;17/12/2021;0561783J;0561783J;
88280019600017;0542533K;ECOLE D ENSEIGNEMENT SUPERIEUR CONSULAIRE DE MEURTHE ET MOSELLE;CCI FORMATION EESC;44540389954;actif;responsable_formateur;3 Rue du Mouzon 54520 Laxou;Nancy-Metz;Grand Est;Oui;cci;cci;;6;17/12/2021;0542533K;0541550S;
18383001700236;0381861S;CHAMBRE COMMERCE ET INDUSTRIE GRENOBLE;CCI FORMATION-CFA IMT-ISCO;8238P001138;actif;responsable_formateur;10 Rue Aime Pupin 38100 Grenoble;Grenoble;Auvergne-Rhône-Alpes;Oui;cci;cci;3;2;17/12/2021;0381861S;0381861S;
18640002400201;0932858B;CHAMBRE COMMERCE & INDUSTRIE PAU BEARN;CNPC;7264P000564;actif;responsable_formateur;1 Place de la Berline 93200 Saint-Denis;Créteil;Île-de-France;Oui;cci;cci;6;1;17/12/2021;0641918M;0641918M;
18973302500119;9730469X;CHAMBRE COMMERCE ET INDUSTRIE LA GUYANE;CENTRE DE FORMATION DES APPRENTIS (CFA);96973075197;actif;responsable_formateur;41 Zone artisanale Galmot 97300 Cayenne;Guyane;Guyane;Oui;;cci;1;;17/12/2021;9730469X;9730469X;
34876850800031;0371790V;EXCELIA GROUP;;54170112617;actif;formateur;8 Rue Léo Delibes 37200 Tours;Orléans-Tours;Centre-Val de Loire;Oui;;cci;3;1;17/12/2021;0371790V;0171427J;
34876850800023;0451493D;EXCELIA GROUP;;54170112617;actif;formateur;17 Rue de Châteaudun 45000 Orléans;Orléans-Tours;Centre-Val de Loire;Oui;;cci;3;1;17/12/2021;0451493D;0171427J;
13001727000823;0754855V;CHAMBRE DE COMMERCE ET D INDUSTRIE DE REGION PARIS ILE DE FRANCE;CFA CCIR;11753201275;actif;responsable_formateur;27 Avenue de Friedland 75008 Paris;Paris;Île-de-France;Oui;;cci;48;2;17/12/2021;0754855V;0751477Y;
13000460900074;0490983C;CHAMBRE DE COMMERCE D INDUSTRIE DE MAINE LOIRE;ETS FORMATION SAUMUROIS;52490236949;actif;formateur;Avenue Balzac 49400 Saumur;Nantes;Pays de la Loire;Oui;;cci;3;1;17/12/2021;0490983C;0490983C;
13000460900066;0490984D;CHAMBRE DE COMMERCE D INDUSTRIE DE MAINE LOIRE;ETS FORMATION CHOLET;52490236949;actif;formateur;Rue Eugène Brémond 49300 Cholet;Nantes;Pays de la Loire;Oui;;cci;3;2;17/12/2021;0490984D;0490984D;
41370111100028;0762378X;ESIGELEC;;28760543976;actif;responsable_formateur;Avenue Galilée 76800 Saint-Étienne-du-Rouvray;Normandie;Normandie;Oui;;cci;;1;17/12/2021;0762378X;0762378X;
18882211800017;0881672P;CHAMBRE DE COMMERCE ET D INDUSTRIE DES VOSGES;;4188P002288;actif;responsable_formateur;10 Rue Claude Gelée 88000 Épinal;Nancy-Metz;Grand Est;Oui;;cci;;1;17/12/2021;0881672P;0881672P;
18974211700121;9740984B;CHAMBRE DE COMMERCE ET D'INDUSTRIE DE LA REUNION;CCI REUNION-POLE FORMATION SUD;98970017797;actif;responsable_formateur;15 Chemin de la Balance 97410 Saint-Pierre;La Réunion;La Réunion;Oui;;cci;6;2;17/12/2021;9740984B;9740984B;
13001833600029;0411068N;INSTITUT NATIONAL DES SCIENCES APPLIQUEES CENTRE VAL DE LOIRE;;24180125618;actif;formateur;3 Rue de la Chocolaterie 41000 Blois;Orléans-Tours;Centre-Val de Loire;Oui;;cci;3;1;17/12/2021;0411068N;0411068N;
50538801700012;0690197P;EMLYON EXECUTIVE EDUCATION;;82691051069;actif;inconnue;23 Avenue Guy de Collongue 69130 Écully;Lyon;Auvergne-Rhône-Alpes;Oui;;cci;;;17/12/2021;0690197P;0421601M;
13001400400043;0071199R;CHAMBRE DE COMMERCE ET D INDUSTRIE DE L ARDECHE;CFA ANDRE FARGIER;82070078607;actif;responsable_formateur;640 Route de l’Aerodrome 07200 Lanas;Grenoble;Auvergne-Rhône-Alpes;Oui;;cci;1;1;17/12/2021;0071199R;0071199R;
13002271800519;0602213E;CHAMBRE DE COMMERCE ET D'INDUSTRIE DE REGION HAUTS-DE-FRANCE;CCIL OISE BEAUVAIS;32590928359;actif;formateur;18 Rue d'Allonne 60000 Beauvais;Amiens;Hauts-de-France;Oui;;cci;14;3;17/12/2021;0602213E;0601211R;
88488405700016;0141815X;ICEP;;28140345414;actif;responsable_formateur;1 Rue Rene Cassin 14280 Saint-Contest;Normandie;Normandie;Oui;cci;cci;;1;17/12/2021;0141815X;0141815X;
30587307700039;0400780F;ASSOCIATION REGIONALE DE FORMATION PROFESSIONNELLE DES INDUSTRIES DU BOIS;;72400001540;actif;responsable_formateur;24 Rue Henri Barbusse 40110 Morcenx-la-Nouvelle;Bordeaux;Nouvelle-Aquitaine;Oui;;cci;;1;17/12/2021;0400780F;0400780F;
18640005700078;0641848L;CHAMBRE DE COMMERCE ET D'INDUSTRIE BAYONNE PAYS BASQUE;CENTRE CONSULAIRE DE FORMATION;7264P000464;actif;responsable_formateur;50 Allées Marines 64100 Bayonne;Bordeaux;Nouvelle-Aquitaine;Oui;;cci;2;1;17/12/2021;0641848L;0641848L;
77921920300022;0631450J;ASS FORMAT PROFESS PERMANENTE;;83630024963;actif;responsable_formateur;14 rue du Château des Vergnes 63100 Clermont-Ferrand;Clermont-Ferrand;Auvergne-Rhône-Alpes;Oui;cci|cma;cci|cma;1;1;17/12/2021;0631450J;0631450J;
83429535400031;0510088U;NEOMA BUSINESS SCHOOL;;28760567976;actif;formateur;59 rue Pierre Taittinger 51100 Reims;Reims;Grand Est;Oui;;cci;1;1;17/12/2021;0510088U;0510088U;
18870801000114;0870702R;CHCOMMERCE INDUSTRIE LIMOGES HTE VIENNE;CAMPUS CONSULAIRE;7487P000187;actif;responsable_formateur;11 rue Philippe Lebon 87280 Limoges;Limoges;Nouvelle-Aquitaine;Oui;;cci;;1;17/12/2021;0870702R;0870702R;
18383002500015;0383316Y;CHAMBRE COMMERCE ET INDUSTRIE NORD ISERE;;8238P000238;actif;responsable;2 Place Saint Pierre 38200 Vienne;Grenoble;Auvergne-Rhône-Alpes;Oui;;cci;2;;17/12/2021;0383316Y;0383316Y;
18220005500016;0222016X;CHAMBRE DE COMMERCE ET D'INDUSTRIE DES COTES D'ARMOR;;5322P001722;actif;responsable_formateur;16 Rue de Guernesey 22000 Saint-Brieuc;Rennes;Bretagne;Oui;;cci;1;1;17/12/2021;0222016X;0222016X;
81751739400018;0312678T;TOULOUSE BUSINESS SCHOOL - TBS;;76310849231;actif;inconnue;1 Place Alfonse Jourdain 31000 Toulouse;Toulouse;Occitanie;Oui;;cci;;;17/12/2021;0312678T;0310156B;
13002293200334;0292351Y;CHAMBRE DE COMMERCE ET D'INDUSTRIE METROPOLITAINE BRETAGNE OUEST;CCIMBO EMBA;53290897729;actif;formateur;1 Avenue de la Plage des Gueux 29000 Quimper;Rennes;Bretagne;Oui;;cci;2;1;17/12/2021;0292351Y;0291792R;
18180001200021;0180865T;CHAMBRE COMMERCE ET D'INDUSTRIE DU CHER;ENSEIGNEMENT ET FORMATION;2418P000118;actif;responsable;Avenue d'Issoudun 18000 Bourges;Orléans-Tours;Centre-Val de Loire;Oui;cci;cci;3;;17/12/2021;0180865T;0180865T;
44492238900051;0763522R;ADEN FORMATIONS ORGANISATION;;25140183914;actif;formateur;182 Quai George V 76600 Le Havre;Normandie;Normandie;Oui;cci;cci;6;1;17/12/2021;0763522R;0142321X;
13001727000070;0752280W;CHAMBRE DE COMMERCE ET D INDUSTRIE DE REGION PARIS ILE DE FRANCE;FERRANDI PARIS;11755600275;actif;responsable_formateur;28 Rue de l'Abbé Grégoire 75006 Paris;Paris;Île-de-France;Non;;cci;27;;17/12/2021;0752280W;0752280W;
43953359700019;0811239G;INST INTERC FORMAT ALTER METIERS AUTOMOB;;76810167281;actif;responsable_formateur;8 Chemin de Besse 81000 Albi;Toulouse;Occitanie;Oui;cci;cci;;3;17/12/2021;0811239G;0811239G;
18770918300235;0772321E;CHAMBRE DE COMMERCE ET D'INDUSTRIE;;1177P000677;actif;responsable_formateur;1 Avenue Johannes Gütenberg 77700 Serris;Créteil;Île-de-France;Oui;;cci;5;1;17/12/2021;0772321E;0772321E;
13001727000666;0922710W;CHAMBRE DE COMMERCE ET D INDUSTRIE DE REGION PARIS ILE DE FRANCE;L'EA ECOLES DES ECO-ACTIVITES CAMPUS GENNEVILLIERS;11753201275;actif;responsable_formateur;40 Avenue Marcel Paul 92230 Gennevilliers;Versailles;Île-de-France;Oui;;cci;27;;17/12/2021;0922710W;0922710W;
18840001400018;0840709P;CHAMBRE COMMERCE ET INDUSTRIE VAUCLUSE;;9384P000184;actif;responsable_formateur;46 Cours Jean Jaurès 84000 Avignon;Aix-Marseille;Provence-Alpes-Côte d'Azur;Oui;cci;cci;1;1;17/12/2021;0840709P;0840709P;
13002293200086;0291792R;CHAMBRE DE COMMERCE ET D'INDUSTRIE METROPOLITAINE BRETAGNE OUEST;CCIMBO IFAC - CAMPUS DES METIERS;53290897729;actif;responsable_formateur;465 rue de Kerlaurent 29490 Guipavas;Rennes;Bretagne;Oui;;cci;3;1;17/12/2021;0291792R;0291792R;
18263001200017;0261253W;CHAMBRE COMMERCE INDUSTRIE DE LA DROME;;8226P000126;actif;formateur;74 Rue Barthélémy de Laffemas 26000 Valence;Grenoble;Auvergne-Rhône-Alpes;Oui;;cci;2;1;17/12/2021;0261253W;0261253W;
44492238900044;0611309S;ADEN FORMATIONS ORGANISATION;;25140183914;actif;formateur;CAMPUS DE DAMIGNY 61250 DAMIGNY;Normandie;Normandie;Oui;cci;cci;6;2;17/12/2021;0611309S;0142321X;
30957639500037;0010826T;CTRE CONSULAIRE FORMATION PROFESSION AIN;;82010120901;actif;responsable_formateur;Avenue de la Libération 01500 Ambérieu-en-Bugey;Lyon;Auvergne-Rhône-Alpes;Oui;;cci;1;1;17/12/2021;0010826T;0010826T;
18060001700016;0062204N;CHAMB COMMERC INDUSTRIE NICE COTE D'AZUR;;9306P001706;actif;responsable_formateur;20 Boulevard Carabacel 06000 Nice;Nice;Provence-Alpes-Côte d'Azur;Oui;cci;cci;3;2;17/12/2021;0062204N;0060862E;
13001727000385;0754497F;CHAMBRE DE COMMERCE ET D INDUSTRIE DE REGION PARIS ILE DE FRANCE;CFA DES SCIENCES;11753201275;actif;formateur;4 Place Jussieu 75005 Paris;Paris;Île-de-France;Oui;;cci;27;1;17/12/2021;0754497F;0753547Y;
18640002400136;0383471S;CHAMBRE COMMERCE & INDUSTRIE PAU BEARN;CNPC ALPES;7264P000564;actif;responsable_formateur;32 Chemin du Vieux Chêne 38240 Meylan;Grenoble;Auvergne-Rhône-Alpes;Oui;cci;cci;6;1;17/12/2021;0383471S;0383471S;
18050001900039;0050666X;CHAMB COMMERCE ET INDUSTRIE HAUTES ALPES;CCI HAUTES-ALPES FORMATION;9305P001405;actif;responsable_formateur;36 Avenue de la République 05100 Briançon;Aix-Marseille;Provence-Alpes-Côte d'Azur;Oui;cci;cci;1;1;17/12/2021;0050666X;0050666X;
53379925000014;0401071X;ECOLE SUPERIEURE DE MANAGEMENT DES LANDES;;72400095540;actif;responsable_formateur;293 Avenue du Maréchal Foch 40000 Mont-de-Marsan;Bordeaux;Nouvelle-Aquitaine;Oui;;cci;;1;17/12/2021;0401071X;0401071X;
18150001800039;0150786Y;CHAMBRE DE COMMERCE ET D'INDUSTRIE TERRITORIALE DU CANTAL;;8315P000115;actif;inconnue;44 Boulevard du Pont Rouge 15000 Aurillac;Clermont-Ferrand;Auvergne-Rhône-Alpes;Oui;;cci;1;;17/12/2021;0150786Y;0150786Y;
13001833600011;0180974L;INSTITUT NATIONAL DES SCIENCES APPLIQUEES CENTRE VAL DE LOIRE;;24180125618;actif;inconnue;88 Boulevard Lahitolle 18000 Bourges;Orléans-Tours;Centre-Val de Loire;Oui;;;2;;17/12/2021;;;
44492238900010;0142321X;ADEN FORMATIONS ORGANISATION;;25140183914;actif;responsable_formateur;7 Rue Professeur Joseph Rousselot 14000 Caen;Normandie;Normandie;Oui;cci;cci;6;5;17/12/2021;0142321X;0142321X;
18974211700063;9741084K;CHAMBRE DE COMMERCE ET D'INDUSTRIE DE LA REUNION;CCI REUNION-POLE FORMATION CENTHOR;98970017797;actif;responsable_formateur;1 route de l'éperon 97435 Saint-Paul;La Réunion;La Réunion;Oui;;cci;6;2;17/12/2021;9741084K;9741084K;
18972002200202;9720826R;CHAMBRE COMMERCE ET INDUSTRIE MARTINIQUE;CENTRE DE FORMATION DES APPRENTIS;9797P000897;actif;responsable_formateur;Rue Aubin Edmond 97233 Schœlcher;Martinique;Martinique;Oui;;cci;1;1;17/12/2021;9720826R;9720490A;
13001727000690;0941906L;CHAMBRE DE COMMERCE ET D INDUSTRIE DE REGION PARIS ILE DE FRANCE;CFI - ECOLE CONNECTEE  FUTUR INDUSTRIE SITE ORLY;11940943894;actif;responsable_formateur;5 Place de la Gare des Saules 94310 Orly;Créteil;Île-de-France;Oui;;cci;27;;17/12/2021;0941906L;0781023N;
18860003500037;0860995P;CHAMBRE DE COMMERCE ET D'INDUSTRIE TERRITORIALE DE LA VIENNE;CTR DE FORMATION D'APPRENTIS;54860109086;actif;responsable_formateur;120 Rue du Porteau 86000 Poitiers;Poitiers;Nouvelle-Aquitaine;Oui;;cci;2;4;17/12/2021;0860995P;0860841X;
30340844700033;0801558J;INTERFOR;;22800001380;actif;responsable_formateur;2 Rue Vadé 80000 Amiens;Amiens;Hauts-de-France;Oui;;cci;1;1;17/12/2021;0801558J;0801558J;
13001727000401;0781981E;CHAMBRE DE COMMERCE ET D INDUSTRIE DE REGION PARIS ILE DE FRANCE;SUP DE VENTE;11788339778;actif;responsable_formateur;51 Boulevard de la Paix 78100 Saint-Germain-en-Laye;Versailles;Île-de-France;Non;;cci;29;;17/12/2021;0781981E;0754855V;
13001727000609;0781897N;CHAMBRE DE COMMERCE ET D INDUSTRIE DE REGION PARIS ILE DE FRANCE;L'EA ECOLES DES ECO-ACTIVITES CAMPUS AUBERGENVILLE;11788339978;actif;responsable_formateur;27 Rue du Chantier d’Herube 78410 Aubergenville;Versailles;Île-de-France;Non;;cci;27;;17/12/2021;0781897N;0754855V;
13002175100024;0762403Z;CHAMBRE DE COMMERCE ET D'INDUSTRIE METROPOLITAINE ROUEN METROPOLE;IFA MARCEL SAUVAGE - CFA;28760539776;actif;formateur;11 Rue du Tronquet 76130 Mont-Saint-Aignan;Normandie;Normandie;Oui;cci;cci;2;1;17/12/2021;0762403Z;0762403Z;
47980663000055;0760168V;ECOLE DE MANAGEMENT DE NORMANDIE OU EM NORMANDIE;;23760421776;actif;responsable_formateur;20 Quai Frissard 76600 Le Havre;Normandie;Normandie;Oui;;cci;1;1;17/12/2021;0760168V;0142124H;
83429535400015;0760167U;NEOMA BUSINESS SCHOOL;;28760567976;actif;responsable_formateur;1 Rue du Maréchal Juin 76130 Mont-Saint-Aignan;Normandie;Normandie;Oui;;cci;1;1;17/12/2021;0760167U;0510088U;
13001727000120;0754951Z;CHAMBRE DE COMMERCE ET D INDUSTRIE DE REGION PARIS ILE DE FRANCE;ESCP EUROPE;11753201275;actif;inconnue;79 Avenue de la République 75011 Paris;Paris;Île-de-France;Oui;;cci;27;;17/12/2021;0754951Z;0753547Y;
18720092800054;0720930V;CHAMBRE DE COMMERCE ET D'INDUSTRIE LE MANS SARTHE;CFA CCI LE MANS;52720101272;actif;responsable_formateur;132 rue Henri Champion 72100 Le Mans;Nantes;Pays de la Loire;Oui;cci;cci;3;1;17/12/2021;0720930V;0720930V;
30396959600038;0692360R;ASS REGIONALE FORMATION ALTERNEE;;82690093869;actif;responsable_formateur;105 Rue Henri Depagneux 69400 Limas;Lyon;Auvergne-Rhône-Alpes;Oui;cci-france|cfa ec|public;cci|cfa_ec;5;4;17/12/2021;0692360R;0692360R;
78235540800025;0642020Y;AS FO BEARN SOULE BIGORRE;;72640000764;actif;responsable_formateur;17 avenue Léon Blum 64000 Pau;Bordeaux;Nouvelle-Aquitaine;Oui;;cci;;1;17/12/2021;0642020Y;0642020Y;
31794423900027;0631687S;ASS GESTION CFA PROMOT LIVRAD FOREZ;;8363P002863;actif;responsable_formateur;23 Rue Blaise Pascal 63600 Ambert;Clermont-Ferrand;Auvergne-Rhône-Alpes;Non;cci|cma;cci|cma;1;1;17/12/2021;0631687S;0631687S;
13002271800212;0623631K;CHAMBRE DE COMMERCE ET D'INDUSTRIE DE REGION HAUTS-DE-FRANCE;SIADEP;32590928359;actif;formateur;19 Rue Marcel Sembat 62300 Lens;Lille;Hauts-de-France;Oui;;cci;14;1;17/12/2021;0623631K;0623631K;
40110456700029;0611061X;IIT FORMATIONS ALTERNEES ORNES;;25610038361;actif;responsable_formateur;Rue du Mans 61000 Alençon;Normandie;Normandie;Oui;cci|cma;cci|cma;;1;17/12/2021;0611061X;0611061X;
13002271800386;0601211R;CHAMBRE DE COMMERCE ET D'INDUSTRIE DE REGION HAUTS-DE-FRANCE;CCIL OISE CFA NOGENT SUR OISE;32590928359;actif;formateur;230 Rue Charles Somasco 60180 Nogent-sur-Oise;Amiens;Hauts-de-France;Oui;cci;cci;14;2;17/12/2021;0601211R;0596691C;
13002271800196;0597001P;CHAMBRE DE COMMERCE ET D'INDUSTRIE DE REGION HAUTS-DE-FRANCE;CCIL GRAND LILLE EGC;32590928359;actif;formateur;Rue de l’Hopital Militaire 59800 Lille;Lille;Hauts-de-France;Oui;;cci;14;1;17/12/2021;0597001P;0597001P;
13002271800485;0595821G;CHAMBRE DE COMMERCE ET D'INDUSTRIE DE REGION HAUTS-DE-FRANCE;CCIL GRAND HAINAUT GROUPE FORMATION;32590928359;actif;formateur;10 Avenue Henri Matisse 59300 Aulnoy-lez-Valenciennes;Lille;Hauts-de-France;Oui;;cci;14;1;17/12/2021;0595821G;0595821G;
18572202200125;0573212G;CHAMBRE DE COMMERCE ET D'INDUSTRIE MOSELLE METROPOLE METZ;CTRE CONSULAIRE DE FORMATION;4157P000957;actif;responsable_formateur;5 Rue Jean Antoine Chaptal 57070 Metz;Nancy-Metz;Grand Est;Oui;;cci;1;2;17/12/2021;0573212G;0572201H;
18530044900013;0531054H;CHAMBRE COMMERCE ET INDUSTRIE LA MAYENNE;;52530049653;actif;responsable_formateur;12 Rue de Verdun 53000 Laval;Nantes;Pays de la Loire;Oui;;cci;1;2;17/12/2021;0531054H;0530931Z;
50923283100040;0520752K;ALMEA FORMATIONS INTERPRO;ALMEA FORMATIONS INTERPRO;21510170351;actif;responsable_formateur;1 Rue Albert Camus 52000 Chaumont;Reims;Grand Est;Oui;cci|cma;cci|cma;4;2;17/12/2021;0520752K;0511649R;
50923283100016;0511649R;ALMEA FORMATIONS INTERPRO;ALMEA FORMATIONS INTERPRO;21510170351;actif;responsable_formateur;32 Rue Benjamin Franklin 51000 Châlons-en-Champagne;Reims;Grand Est;Oui;cci|cma;cci|cma;6;1;17/12/2021;0511649R;0051649R;
19511296600799;0511296G;UNIVERSITE DE REIMS CHAMPAGNE-ARDENNE;;2151P001151;actif;responsable_formateur;2 avenue Robert Schuman 51100 Reims;Reims;Grand Est;Oui;;cci;9;11;17/12/2021;0511296G;0511296G;
38980235600011;0470974D;SUD MANAGEMENT;;72470032947;actif;responsable_formateur;Estillac;Bordeaux;Nouvelle-Aquitaine;Oui;cci;cci;1;2;17/12/2021;0470974D;0470974D;
13001313900014;0431046D;CHAMBRE DE COMMERCE ET D INDUSTRIE DE HAUTE LOIRE;;83430323343;actif;responsable_formateur;16 BD BERTRAND 43750 VALS-PRES-LE-PUY;Clermont-Ferrand;Auvergne-Rhône-Alpes;Oui;;cci;;1;17/12/2021;0431046D;0431046D;
18383002500031;0383551D;CHAMBRE COMMERCE ET INDUSTRIE NORD ISERE;ANTENNE CCI VILLEFONTAINE;8238P000238;actif;responsable_formateur;5 Rue Antoine Condorcet 38090 Villefontaine;Grenoble;Auvergne-Rhône-Alpes;Oui;;cci;1;1;17/12/2021;0383551D;0383551D;
18360001400058;0360777Z;CHAMBRE DE COMMERCE ET D'INDUSTRIE DE L'INDRE;CENTRE DE FORMATION-CFSA CAMPUS CENTRE;2436P000136;actif;responsable_formateur;16 Place Saint- Cyran 36000 Châteauroux;Orléans-Tours;Centre-Val de Loire;Oui;cci;cci;8;;17/12/2021;0360777Z;0360777Z;
89079142900016;0342318K;PURPLE CAMPUS;;76341086134;actif;responsable_formateur;99 Impasse Adam Smith 34470 Pérols;Montpellier;Occitanie;Oui;;cci;19;1;17/12/2021;0342318K;0342306X;
51400512300062;0333326L;GROUPE KEDGE BUSINESS SCHOOL;;93131340113;actif;responsable_formateur;680 Cours de la Libération 33400 Talence;Bordeaux;Nouvelle-Aquitaine;Oui;;cci;2;5;17/12/2021;0333326L;0130239P;
41058110200010;0332813D;CAMPUS DU LAC;;72330424333;actif;responsable_formateur;Rue René Cassin 33300 Bordeaux;Bordeaux;Nouvelle-Aquitaine;Oui;;cci;1;6;17/12/2021;0332813D;0331719P;
78803676200037;0320745L;CCI FORMATION GERS;;73320039232;actif;responsable_formateur;10 Rue Diderot 32000 Auch;Toulouse;Occitanie;Oui;;cci;;1;17/12/2021;0320745L;0320745L;
18280001100047;0281057X;CHAMBRE DE COMMERCE ET D'INDUSTRIE;CENTRE DE FORMATION;2428P000128;actif;responsable_formateur;1 Avenue Marcel Proust 28000 Chartres;Orléans-Tours;Centre-Val de Loire;Oui;cci;cci;1;1;17/12/2021;0281057X;0281057X;
30791852400017;0280738A;ASSOCIATION GESTIONNAIRE DU CFA INTERPROFESSIONNEL D'EURE-ET-LOIR;;24280165228;actif;responsable_formateur;Rue Charles Isidore Douin 28000 Chartres;Orléans-Tours;Centre-Val de Loire;Oui;cci|cma;cci|cma;1;2;17/12/2021;0280738A;0280738A;
31796290000013;0271124A;ASS INTERCONS DEVEL APPRENT METIERS COMM;;23270019327;actif;responsable_formateur;41 Rue du Pas des Heures 27100 Val-de-Reuil;Normandie;Normandie;Oui;cci|cma;cci|cma;;1;17/12/2021;0271124A;0271124A;
37931209300014;0251749R;CTRE FORMATION APPRENTIS PAYS MONTBELIAR;;43250241625;actif;responsable_formateur;Rue des Freres Lumiere 25200 Bethoncourt;Besançon;Bourgogne-Franche-Comté;Oui;;cci;;1;17/12/2021;0251749R;0251749R;
31448072400017;0251519R;ASS GESTION CENTRE FORMATION APPRENTIS;CFA HILAIRE DE CHARDONNET;43250029825;actif;responsable_formateur;3 Chemin de la Malcombe 25000 Besançon;Besançon;Bourgogne-Franche-Comté;Oui;cma;cci|cma;;2;17/12/2021;0251519R;0251519R;
18240014300026;0241056T;CHAMBRE DE COMMERCE INDUSTRIE DORDOGNE;GROUPE D'ECOLES PROFESSIONNELLES;7224P004024;actif;responsable_formateur;Avenue Henry Deluc 24750 Boulazac Isle Manoire;Bordeaux;Nouvelle-Aquitaine;Oui;;cci;2;2;17/12/2021;0241056T;0241056T;
13000770100027;0195066D;CHAMBRE DE COMMERCE ET D'INDUSTRIE DE LA CORREZE;;7419P000619;actif;inconnue;Avenue du Docteur Albert Schweitzer 19000 Tulle;Limoges;Nouvelle-Aquitaine;Oui;;cci;1;;17/12/2021;0195066D;0195020D;
30804972500036;0180755Y;INSTITUT DE FORMATION EN ALTERNANCE DE BOURGES;;24180039818;actif;responsable_formateur;Rue de Turly 18000 Bourges;Orléans-Tours;Centre-Val de Loire;Oui;cci|cma;cci|cma;1;3;17/12/2021;0180755Y;0180755Y;
34876850800015;0171427J;EXCELIA GROUP;;54170112617;actif;responsable_formateur;102 Rue de Coureilles 17000 La Rochelle;Poitiers;Nouvelle-Aquitaine;Oui;;cci;2;4;17/12/2021;0171427J;0171427J;
13002245200036;0160757L;CHAMBRE DE COMMERCE ET D INDUSTRIE TERRITORIALE DE LA CHARENTE;CCI CHARENTE FORMATION;75160091116;actif;responsable_formateur;Zone industrielle 3 16340 L'Isle-d'Espagnac;Poitiers;Nouvelle-Aquitaine;Oui;;cci;3;4;17/12/2021;0160757L;0160757L;
77566395800046;0951929F;ASSOCIATION GROUPE ESSEC;;11950198495;actif;responsable_formateur;Avenue Bernard Hirsch 95000 Cergy;Versailles;Île-de-France;Oui;;cci;;1;17/12/2021;0951214D;0951214D;
13002076100016;0912341A;CENTRALESUPELEC;;11910002091;actif;inconnue;3 Rue Joliot-curie 91190 Gif-sur-Yvette;Versailles;Île-de-France;Oui;;;;;17/12/2021;0912341A;0911494E;
19750003600029;0912318A;ECOLE NATIONALE SUPERIEURE DE TECHNIQUES AVANCEES;;;actif;inconnue;828 Boulevard des Maréchaux 91120 Palaiseau;Versailles;Île-de-France;Non;;;;;17/12/2021;0912318A;0751477Y;
39770462800015;0870997L;ASSOCIATION POUR LA GESTION DE 3IL;GROUPE 3IL;74870139387;actif;inconnue;43 rue Sainte Anne 87000 Limoges;Limoges;Nouvelle-Aquitaine;Oui;;cci;;;17/12/2021;0870997L;0870997L;
18830001600261;0831765T;CHAMBRE DE COMMERCE ET D'INDUSTRIE TERRITORIALE DU VAR;DIR DES ENSEIGNEMENTS;9383P000183;actif;responsable_formateur;RES LA GRANDE TOURACHE 83130 LA GARDE;Nice;Provence-Alpes-Côte d'Azur;Oui;;cci;3;1;17/12/2021;0831765T;0831141P;
41801924600010;0802204L;GROUPE SUP DE CO AMIENS PICARDIE;;32800188980;actif;inconnue;18 Place Saint-Michel 80000 Amiens;Amiens;Hauts-de-France;Oui;;cci;;;17/12/2021;0800080C;0800080C;
44492238900093;0721685R;ADEN FORMATIONS ORGANISATION;;25140183914;actif;responsable_formateur;4 rue Hector Berlioz 72000 Le Mans;Nantes;Pays de la Loire;Oui;cci;cci;6;1;17/12/2021;0721685R;0142321X;
18720092800088;0721513D;CHAMBRE DE COMMERCE ET D'INDUSTRIE LE MANS SARTHE;IN&MA/EGC/EKOD/CEL;52720101272;actif;responsable_formateur;7 avenue des Platanes 72100 Le Mans;Nantes;Pays de la Loire;Oui;cci;cci;2;2;17/12/2021;0721513D;0720930V;
19670189000010;0670189S;ECOLE NATIONALE DU GENIE DE L'EAU ET DE L'ENVIRONNEMENT DE STRASBOURG;;42670199667;actif;inconnue;1 Quai Koch 67000 Strasbourg;Strasbourg;Grand Est;Oui;;;1;;17/12/2021;0670189S;0670189S;
35247436500017;0660780P;INSTITUT MEDITERRANEEN D' ETUDE ET RECHERCHE EN INFORMATIQUE ET ROBOTIQUE;;91660051366;actif;formateur;Avenue Paul Pascot 66000 Perpignan;Montpellier;Occitanie;Non;;cci;1;;17/12/2021;0660780P;0342318K;
13002271800626;0624412J;CHAMBRE DE COMMERCE ET D'INDUSTRIE DE REGION HAUTS-DE-FRANCE;STARTEVO;32590928359;actif;formateur;220 Rue de l'Eglise 62180 Rang-du-Fliers;Lille;Hauts-de-France;Oui;;cci;14;;17/12/2021;0624412J;0624412J;
13002271800618;0624373S;CHAMBRE DE COMMERCE ET D'INDUSTRIE DE REGION HAUTS-DE-FRANCE;STARTEVO;32590928359;actif;formateur;70 Rue Mollien 62100 Calais;Lille;Hauts-de-France;Oui;;cci;14;1;17/12/2021;0624373S;0624373S;
13002271800634;0624100V;CHAMBRE DE COMMERCE ET D'INDUSTRIE DE REGION HAUTS-DE-FRANCE;STARTEVO;32590928359;actif;formateur;6 Boulevard Beaucerf 62200 Boulogne-sur-Mer;Lille;Hauts-de-France;Oui;;cci;14;1;17/12/2021;0624100V;0624100V;
30870853600112;0611162G;POLYVIA FORMATION;;11922379792;actif;formateur;POLE UNIVERSITAIRE D'ALENCON 61250 DAMIGNY;Normandie;Normandie;Oui;;cci;5;1;17/12/2021;0611162G;0611136D;
13002271800188;0596691C;CHAMBRE DE COMMERCE ET D'INDUSTRIE DE REGION HAUTS-DE-FRANCE;CCIL GRAND LILLE CEPRECO;32590928359;actif;formateur;45 Avenue Andre Chenier 59100 Roubaix;Lille;Hauts-de-France;Oui;;cci;14;1;17/12/2021;0596691C;0596691C;
44492238900069;0763523S;ADEN FORMATIONS ORGANISATION;;25140183914;actif;formateur;Rue Thiers 76170 Lillebonne;Normandie;Normandie;Oui;cci;cci;6;1;17/12/2021;0763523S;0142321X;
39900165000015;0641890G;ASS DEVELOP APPRENTISSAGE GPE ESC PAU;;75640469364;actif;responsable_formateur;3 rue Saint-John Perse 64000 Pau;Bordeaux;Nouvelle-Aquitaine;Oui;;cci;1;2;17/12/2021;0641890G;0640096G;
50923283100032;0521117G;ALMEA FORMATIONS INTERPRO;ALMEA FORMATIONS INTERPRO;21510170351;fermé;inconnue;21 Avenue du Général Giraud 52100 Saint-Dizier;Reims;Grand Est;Oui;;cci;4;;17/12/2021;0521117G;0511649R;
19511296600039;0511026N;UNIVERSITE DE REIMS CHAMPAGNE-ARDENNE;IUT REIMS CHALONS CHARLEVILLE;2151P001151;actif;responsable;CHE DES ROULIERS 51100 REIMS;Reims;Grand Est;Oui;;cci;11;;17/12/2021;0511026N;0511026N;
78611671500016;0490075R;ECOLE SUPERIEURE ELECTRONIQUE DE L OUEST;;52490000849;fermé;inconnue;4 Rue Merlet de Laboulaye 49000 Angers;Nantes;Pays de la Loire;Oui;;cci;1;;17/12/2021;0490075R;0490075R;
30391595300028;0890992V;CTRE INTERPROF DE FORMATION D'APPRENTIS;;27890134589;actif;responsable_formateur;3 Rue Jean Bertin 89000 Auxerre;Dijon;Bourgogne-Franche-Comté;Oui;;cci;;1;17/12/2021;0890992V;0890992V;
13002280900136;0352371M;CHAMBRE DE COMMERCE ET D'INDUSTRIE TERRITORIALE ILLE-ET-VILAINE;ECOLES D'AUDIOPROTHESE ET D'OPTIQUE FIZEAU;53351000435;actif;responsable_formateur;4 Rue Claude Bourgelat 35133 Javené;Rennes;Bretagne;Oui;;cci;5;1;17/12/2021;0352371M;0351883G;
37832751400014;0352980Z;GROUPE RENNES SCHOOL OF BUSINESS;;53350294335;actif;responsable_formateur;2 Rue Robert d'Arbrissel 35000 Rennes;Rennes;Bretagne;Oui;;cci;;2;17/12/2021;0352305R;0352305R;
30102946800032;0421609W;CFA DU ROANNAIS;;82420076642;actif;responsable_formateur;155 Route de Briennon 42300 Mably;Lyon;Auvergne-Rhône-Alpes;Oui;cci|cma;cci|cma;;1;17/12/2021;0421609W;0421609W;
38264987900022;0261251U;ASS ECOLE SUPER COMMERCE DROME ARDECHE;;;fermé;inconnue;74 Rue Barthélémy de Laffemas 26000 Valence;Grenoble;Auvergne-Rhône-Alpes;Non;;cci;1;;17/12/2021;0261251U;0261251U;
13002914300067;0252004T;CHAMBRE DE COMMERCE ET D'INDUSTRIE TERRITORIALE SAONE-DOUBS;GROUPE IMEA CAMPUS PONTARLIER;;actif;formateur;7 Rue des Bernardines 25300 Pontarlier;Besançon;Bourgogne-Franche-Comté;Non;;cci;5;1;17/12/2021;0252004T;0252004T;
13002249400244;0241153Y;CHAMBRE DE COMMERCE ET D'INDUSTRIE DE REGION NOUVELLE-AQUITAINE;CCIT DORDOGNE - ECOLE SUP INTERNATIONALE SAVIGNAC;;actif;inconnue;Route du Cuvier 24420 Savignac-les-Églises;Bordeaux;Nouvelle-Aquitaine;Non;;cci;2;;17/12/2021;0241153Y;0241153Y;
18640002400185;0641918M;CHAMBRE COMMERCE & INDUSTRIE PAU BEARN;CNPC-CFA;7264P000564;actif;responsable_formateur;2 AV DU STADE D'EAUX VIVES 64320 BIZANOS;Bordeaux;Nouvelle-Aquitaine;Oui;cci;cci;6;3;17/12/2021;0641918M;0640096G;
18974211700154;9741571P;CHAMBRE DE COMMERCE ET D'INDUSTRIE DE LA REUNION;CCI REUNION-POLE FORMATION CAMPUS PRO;98970017797;actif;responsable_formateur;65 Rue du Père Lafosse 97410 Saint-Pierre;La Réunion;La Réunion;Oui;;cci;6;1;17/12/2021;9741571P;9741571P;
18974211700071;9741242G;CHAMBRE DE COMMERCE ET D'INDUSTRIE DE LA REUNION;CCI REUNION-POLE FORMATION CIRFIM;98970017797;actif;responsable_formateur;31 Avenue Raymond Mondon 97420 Le Port;La Réunion;La Réunion;Oui;;cci;6;2;17/12/2021;9741242G;0756072T;
18130002100225;0133527N;CHAMBRE DE COMMERCE ET D'INDUSTRIE METROPOLITAINE AIX-MARSEILLE-PROVENCE;GROUPE ECOLE PRATIQUE;9313P001013;actif;formateur;Rue saint sebastien 13006 Marseille;Aix-Marseille;Provence-Alpes-Côte d'Azur;Oui;;cci;5;1;17/12/2021;0131404F;0131404F;
13001727000591;0952187L;CHAMBRE DE COMMERCE ET D INDUSTRIE DE REGION PARIS ILE DE FRANCE;INHAC;11753201275;actif;inconnue;17 Boulevard Pasteur 95210 Saint-Gratien;Versailles;Île-de-France;Oui;;cci;27;;17/12/2021;0952187L;0952187L;
13001457400078;7200680B;CHAMBRE DE COMMERCE ET D'INDUSTRIE DE CORSE;CCI FORMATION CORSICA;94202111120;actif;responsable_formateur;726 Strada Vecchia 20290 Borgo;Corse;Corse;Oui;;cci;1;2;17/12/2021;7200680B;6200723S;
18130002100167;;CHAMBRE DE COMMERCE ET D'INDUSTRIE METROPOLITAINE AIX-MARSEILLE-PROVENCE;EUROMED MARSEILLE  ECOLE DE MANAGEMENT;9313P001013;actif;inconnue;Rue Antoine Bourdelle 95300 Pontoise;Versailles;Île-de-France;Oui;;cci;3;;17/12/2021;0130239P;0130239P;
47991356800024;0820858M;CCI FORMATION 82;;73820050682;actif;formateur;61 Avenue Leon Gambetta 82000 Montauban;Toulouse;Occitanie;Oui;;cci;1;1;17/12/2021;0820858M;0342318K;
39301114300020;0101035W;ASSOC FORMATION PROFESSION PHARMACIE;;;actif;inconnue;10quater Rue des Bas Trevois 10000 Troyes;Reims;Grand Est;Non;;;;;17/12/2021;0101035W;0101035W;
88931074400046;0781809T;ESIEE IT - CCI PARIS ILE DE FRANCE;;;actif;formateur;7 Avenue des 3 Peuples 78180 Montigny-le-Bretonneux;Versailles;Île-de-France;Non;;cci;3;1;17/12/2021;0781809T;0781809T;
18770918300201;0772818V;CHAMBRE DE COMMERCE ET D'INDUSTRIE;CFA UTEC PROVINS;1177P000677;actif;formateur;Rue André François Poncet 77160 Provins;Créteil;Île-de-France;Oui;;cci;5;1;17/12/2021;0772818V;0772742M;
18770918300169;0771914M;CHAMBRE DE COMMERCE ET D'INDUSTRIE;CFA UTEC AVON;1177P000677;actif;formateur;1 Rue du Port de Valvins 77210 Avon;Créteil;Île-de-France;Oui;;cci;5;1;17/12/2021;0771914M;0771914M;
50923283100024;0100715Y;ALMEA FORMATIONS INTERPRO;ALMEA FORMATIONS INTERPRO;21510170351;actif;responsable_formateur;9 Rue Robert Keller 10150 Pont-Sainte-Marie;Reims;Grand Est;Oui;cci|cma;cci|cma;3;2;17/12/2021;0100715Y;0100715Y;
88931074400020;0951798N;ESIEE IT - CCI PARIS ILE DE FRANCE;;11950689995;actif;formateur;8 Rue Pierre de Coubertin 95300 Pontoise;Versailles;Île-de-France;Non;;cci;3;1;17/12/2021;0951798N;0754855V;
18770918300086;0772320D;CHAMBRE DE COMMERCE ET D'INDUSTRIE;CFA UTEC EMERAINVILLE;1177P000677;actif;responsable_formateur;Boulevard Olof Palme 77184 Émerainville;Créteil;Île-de-France;Oui;;cci;5;2;17/12/2021;0772742M;0772320D;
88944585400066;0752325V;ECOLE SUPERIEURE DES METIERS DE LA VILLE DE DEMAIN-CCI PARIS ILE-DE-FRANCE EDUCATION;;;actif;formateur;247 Avenue Gambetta 75020 Paris;Paris;Île-de-France;Non;;cci;5;1;17/12/2021;0752325V;0752325V;
18743001200067;0741673S;CHAMBRE COMMERCE & INDUSTRIE HTE SAVOIE;;8274P076974;actif;responsable_formateur;5 Rue du 27 eme bca 74000 Annecy;Grenoble;Auvergne-Rhône-Alpes;Oui;;cci;2;4;17/12/2021;0741673S;0741621K;
50923283100057;0080842X;ALMEA FORMATIONS INTERPRO;ALMEA FORMATIONS INTERPRO;21510170351;actif;responsable_formateur;129 Avenue Charles de Gaulle 08000 Charleville-Mézières;Reims;Grand Est;Oui;cci|cma;cci|cma;3;2;17/12/2021;0080842X;0080842X;
13002267600030;0673028C;CHAMBRE DE COMMERCE ET D'INDUSTRIE TERRITORIALE ALSACE EUROMETROPOLE;CCI CAMPUS ALSACE;44670587467;actif;responsable_formateur;234 Avenue de Colmar 67100 Strasbourg;Strasbourg;Grand Est;Oui;cci;cci;4;4;17/12/2021;0673028C;0190721F;
19671696300034;0671696E;LYCEE DES METIERS ECONOMIQUE;;;actif;inconnue;6 Avenue Schweisguth 67600 Sélestat;Strasbourg;Grand Est;Non;;;1;;17/12/2021;0672051R;0671696E;
13000772700014;0632047H;CHAMBRE DE COMMERCE ET D'INDUSTRIE PUY-DE-DOME CLERMONT AUVERGNE METROPOLE;;83630419163;actif;inconnue;148 boulevard Lavoisier 63000 Clermont-Ferrand;Clermont-Ferrand;Auvergne-Rhône-Alpes;Oui;;cci;1;;17/12/2021;0632047H;0632047H;
81234979300016;0630109B;GROUPE ESC CLERMONT - AUVERGNE;;83630461763;actif;formateur;4 boulevard Trudaine 63000 Clermont-Ferrand;Clermont-Ferrand;Auvergne-Rhône-Alpes;Non;;cci;1;3;17/12/2021;0630109B;0630109B;
84172358800015;0511952V;ETABLISSEMENT D'ENSEIGNEMENT SUPERIEUR CONSULAIRE IN&MA;IN&MA;44510195351;fermé;inconnue;7 Rue du Parlement 51000 Châlons-en-Champagne;Reims;Grand Est;Oui;;cci;1;;17/12/2021;0511952V;0312755B;
13000460900017;0490985E;CHAMBRE DE COMMERCE D INDUSTRIE DE MAINE LOIRE;;52490236949;actif;responsable_formateur;8 Boulevard du Roi René 49100 Angers;Nantes;Pays de la Loire;Oui;cci;cci;7;1;17/12/2021;0490985E;0490075R;
42417546100021;0442275J;GIPAFOC;;52440404744;actif;responsable_formateur;3 Boulevard Bâtonnier Cholet 44100 Nantes;Nantes;Pays de la Loire;Oui;;cci;3;5;17/12/2021;0442275J;0370811F;
83474886500013;0440112H;AUDENCIA;AUDENCIA;52440822844;actif;responsable_formateur;8 Route de la Jonelière 44300 Nantes;Nantes;Pays de la Loire;Oui;;cci;2;4;17/12/2021;0440112H;0440112H;
45235951600021;0912267V;FACULTE DES METIERS DE L ESSONNE;;11910566091;actif;responsable_formateur;3 Chemin de la Grange Feu Louis 91000 Évry-Courcouronnes;Versailles;Île-de-France;Oui;;cci;2;2;17/12/2021;0912267V;0911826R;
18360001400074;0411088K;CHAMBRE DE COMMERCE ET D'INDUSTRIE DE L'INDRE;CENTRE DE FORMATION-CFSA CAMPUS CENTRE;2436P000136;actif;formateur;6 Rue Anne de Bretagne 41000 Blois;Orléans-Tours;Centre-Val de Loire;Oui;cci;cci;7;3;17/12/2021;0411088K;0360777Z;
89079142900123;0341692E;PURPLE CAMPUS;;76341086134;actif;formateur;2300 Avenue des Moulins 34080 Montpellier;Montpellier;Occitanie;Oui;;cci;17;2;17/12/2021;0341692E;0341692E;
41048151900016;0331719P;INST LIBOURNAIS FORMATION APPRENTISSAGE;;;actif;inconnue;7bis Rue Max Linder 33500 Libourne;Bordeaux;Nouvelle-Aquitaine;Non;;;1;;17/12/2021;0331719P;0331719P;
89079142900131;0301645A;PURPLE CAMPUS;;76341086134;actif;formateur;270 Quai des Près Rasclaux 30100 Alès;Montpellier;Occitanie;Oui;;cci;16;1;17/12/2021;0301645A;0301645A;
89079142900040;0301286K;PURPLE CAMPUS;;76341086134;actif;formateur;90 Allée Jacques Cartier 30320 Marguerittes;Montpellier;Occitanie;Oui;;cci;18;2;17/12/2021;0301286K;0301286K;
18263001200041;0261431P;CHAMBRE COMMERCE INDUSTRIE DE LA DROME;SERVICE ENSEIGNEMENT;8226P000126;actif;responsable_formateur;74 Rue Barthélémy de Laffemas 26000 Valence;Grenoble;Auvergne-Rhône-Alpes;Oui;;cci;3;2;17/12/2021;0261253W;0261253W;
18263001200173;0261339P;CHAMBRE COMMERCE INDUSTRIE DE LA DROME;CTRE FORMATION PROFESSIOFORESTIERE;8226P000126;actif;responsable_formateur;Chemin du Mas 26780 Châteauneuf-du-Rhône;Grenoble;Auvergne-Rhône-Alpes;Oui;;cci;2;1;17/12/2021;0261339P;0261253W;
18040001200019;0040548Z;CHAMBRE DE COMMERCE ET D'INDUSTRIE TERRITORIALE ALPES-DE-HAUTE-PROVENCE;;9304P000204;actif;responsable_formateur;60 boulevard gassendi 04000 Digne-les-Bains;Aix-Marseille;Provence-Alpes-Côte d'Azur;Oui;;cci;3;;17/12/2021;0040548Z;0040161D;
13001310500056;0212237T;CHAMBRE DE COMMERCE ET D'INDUSTRIE COTE-D'OR DIJON METROPOLE;CCI FORMATION;2621P001221;actif;formateur;Place Jean Bouhey 21000 Dijon;Dijon;Bourgogne-Franche-Comté;Non;;cci;1;2;17/12/2021;0212237T;0212197Z;
13002286600011;0031130M;CHAMBRE DE COMMERCE ET D'INDUSTRIE TERRITORIALE DE L'ALLIER;CCIT DE L'ALLIER - DELEGATION MOULINS;84030359803;actif;responsable_formateur;17 Cours Jean Jaurés 03000 Moulins;Clermont-Ferrand;Auvergne-Rhône-Alpes;Oui;;cci;2;2;17/12/2021;0031130M;0031024X;
89079142900081;0111044A;PURPLE CAMPUS;;76341086134;actif;formateur;67 Avenue de Croix Sud 11100 Narbonne;Montpellier;Occitanie;Oui;;cci;16;2;17/12/2021;0111044A;0111044A;
89079142900073;0110680E;PURPLE CAMPUS;;76341086134;actif;formateur;Avenue Georges Guille 11000 Carcassonne;Montpellier;Occitanie;Oui;;cci;17;2;17/12/2021;0110680E;0110680E;
18974211700097;9740983A;CHAMBRE DE COMMERCE ET D'INDUSTRIE DE LA REUNION;CCI REUNION-POLE FORMATION NORD;98970017797;actif;responsable_formateur;12 Rue Gabriel de Kerveguen 97490 Saint-Denis;La Réunion;La Réunion;Oui;;cci;6;3;17/12/2021;9740983A;0142438Z;
78128367600018;0171438W;CIPECMA;;54170000117;actif;responsable_formateur;17 Avenue du Général de Gaulle 17340 Châtelaillon-Plage;Poitiers;Nouvelle-Aquitaine;Oui;cci;cci;;4;17/12/2021;0171438W;0171209X;
13002271800279;0021502X;CHAMBRE DE COMMERCE ET D'INDUSTRIE DE REGION HAUTS-DE-FRANCE;CCIL AISNE CFA LAON;32590928359;actif;formateur;Rue des Minimes 02000 Laon;Amiens;Hauts-de-France;Oui;;cci;14;2;17/12/2021;0021502X;0021502X;
13002282500124;0301829A;;;;;;;;;;;cci;;;;;;
13002282500207;0301755V;;;;;;;;;;;cci;;;;;;
19510067200029;0511951U;;;;;;;;;;;cci;;;;;;
19753472000077;0510083N;;;;;;;;;;;cci;;;;;;
19753472000101;0573513J;;;;;;;;;;;cci;;;;;;
88102752800028;0711648F;;;;;;;;;;;cci;;;;;;
18890911300014;0891309P;;;;;;;;;;;cci;;;;;;
13002245200069;0161131T;;;;;;;;;;;cci;;;;;;
13002245200051;0161159Y;;;;;;;;;;;cci;;;;;;
81743928200010;0401072Y;;;;;;;;;;;cci;;;;;;
90078690600017;0595953A;;;;;;;;;;;cci;;;;;;
13002172800212;0501877U;;;;;;;;;;;cci;;;;;;
18820001800037;0820822Y;;;;;;;;;;;cci;;;;;;
91474519500018;;MILAN;CAPEVO;84010255201;actif;inconnue;256 Route d'Evron 01100 Martignat;Lyon;Auvergne-Rhône-Alpes;Oui;cci;;;;21/11/2022;;;
18640002400219;0443003A;CHAMBRE COMMERCE & INDUSTRIE PAU BEARN;CNPC;7264P000564;actif;formateur;22 Rue de la Rainière 44300 Nantes;Nantes;Pays de la Loire;Oui;cci;cci;6;1;15/10/2022;;;
44492238900036;;ADEN FORMATIONS ORGANISATION;;25140183914;actif;formateur;100 Avenue Guillaume le Conquérant 14100 Lisieux;Normandie;Normandie;Oui;cci;cci;6;1;21/03/2022;;;
82355272400010;;HISTYA;;84420295042;actif;responsable_formateur;Parc Metrotech 42650 Saint-Jean-Bonnefonds;Lyon;Auvergne-Rhône-Alpes;Non;cci;;1;1;25/01/2022;;;
78071407700069;0142321X;ADEN FORMATIONS ENTREPRISE;;25140000714;actif;formateur;Rue Professeur Joseph Rousselot 14000 Caen;Normandie;Normandie;Non;cci;cci;;;25/01/2022;;;
51176260100017;;CIPECMA FORMATION COLLECTIVITES;;54170132917;actif;inconnue;17 Avenue du Général de Gaulle 17340 Châtelaillon-Plage;Poitiers;Nouvelle-Aquitaine;Oui;cci;cci;;;25/01/2022;;;
34806572300044;0754292H;INSTITUT SUPERIEUR D'OPTIQUE DE PARIS;ISO;11753179275;actif;responsable_formateur;33 Rue Wurtz 75013 Paris;Paris;Île-de-France;Oui;cci;;;1;17/12/2021;;;
30386072000018;0261036K;ASS DROME ARDECHE FORMATION PROFESSION;;82260002626;actif;responsable_formateur;Rue de la sabliere 26250 Livron-sur-Drôme;Grenoble;Auvergne-Rhône-Alpes;Oui;cci|cma;cma;;1;17/12/2021;;;
38134879600024;0693452C;IFIR ARL (AIN-RHONE-LOIRE);;82690331669;actif;responsable_formateur;66 Avenue Jean Mermoz 69008 Lyon;Lyon;Auvergne-Rhône-Alpes;Oui;cci;cci;48;20;17/12/2021;;;
18360001400082;0451770E;CHAMBRE DE COMMERCE ET D'INDUSTRIE DE L'INDRE;CENTRE DE FORMATION - CFSA CAMPUS CENTRE;2436P000136;actif;inconnue;9 Rue du 11 Novembre 45000 Orléans;Orléans-Tours;Centre-Val de Loire;Oui;cci;cci;6;;17/12/2021;;;
18383001700152;0383059U;CHAMBRE COMMERCE ET INDUSTRIE GRENOBLE;GROUPE FORMATION-CCI FORMATION-CFA IMT-ISCO;8238P001138;actif;inconnue;7 Rue Hoche 38000 Grenoble;Grenoble;Auvergne-Rhône-Alpes;Oui;cci;cci;4;;17/12/2021;;;
18360001400108;0371783M;CHAMBRE DE COMMERCE ET D'INDUSTRIE DE L'INDRE;CENTRE DE FORMATION-CFSA CAMPUS CENTRE;2436P000136;actif;inconnue;7 Rue Joseph Cugnot 37300 Joué-lès-Tours;Orléans-Tours;Centre-Val de Loire;Oui;cci;cci;6;;17/12/2021;;;
41055004000019;0030124U;INSTDE FORMATINTERPROFESSIONNEL ALLIER;;83030299303;actif;responsable_formateur;11 Route de Paris 03000 Avermes;Clermont-Ferrand;Auvergne-Rhône-Alpes;Oui;cci|cma;cma;;1;17/12/2021;;;
18060001700339;0060862E;CHAMB COMMERC INDUSTRIE NICE COTE D'AZUR;INST FORMATION PHARMACIE SANTE-IFPS;9306P001706;actif;inconnue;Boulevard Point du Jour 06700 Saint-Laurent-du-Var;Nice;Provence-Alpes-Côte d'Azur;Oui;cci;cci;1;;17/12/2021;;;
89079142900032;;PURPLE CAMPUS;;76341086134;actif;formateur;417 Rue Georges Besse 30000 Nîmes;Montpellier;Occitanie;Oui;cci;cci;17;1;03/01/2022;0301819P;;
89079142900206;0460706T;PURPLE CAMPUS;;76341086134;actif;formateur;94 Rue Hautesserre 46000 Cahors;Toulouse;Occitanie;Oui;cci;cci;18;2;03/01/2022;0460706T;;
13001727000674;0781023N;CHAMBRE DE COMMERCE ET D INDUSTRIE DE REGION PARIS ILE DE FRANCE;L'EA ECOLES DES ECO-ACTIVITES CAMPUS JOUY EN JOSAS;11753201275;actif;inconnue;Chemin de l’Orme Rond 78350 Jouy-en-Josas;Versailles;Île-de-France;Oui;cci;cci;27;;09/09/2022;0780851B;;
18710003700022;;CHAMBRE DE COMMERCE ET D INDUSTRIE DE SAONE ET LOIRE;ESPACE EMPLOI FORMATION;;actif;formateur;73 Place Gérard Genevès 71000 Mâcon;Dijon;Bourgogne-Franche-Comté;Non;cci;cci;4;1;25/01/2022;0711317W;;
18710003700097;;CHAMBRE DE COMMERCE ET D INDUSTRIE DE SAONE ET LOIRE;MEDIAPOLE;;actif;formateur;1 Avenue de Verdun 71100 Chalon-sur-Saône;Dijon;Bourgogne-Franche-Comté;Non;cci;cci;4;1;25/01/2022;;;
13002948100012;;CHAMBRE DE COMMERCE ET D INDUSTRIE METROPOLE DE BOURGOGNE;;27210429021;actif;inconnue;2 Avenue de Marbotte 21000 Dijon;Dijon;Bourgogne-Franche-Comté;Oui;cci;cci;1;;25/01/2022;;;
13002245200010;;CHAMBRE DE COMMERCE ET D INDUSTRIE TERRITORIALE DE LA CHARENTE;;75160091116;actif;formateur;27 Place Bouillaud 16000 Angoulême;Poitiers;Nouvelle-Aquitaine;Oui;cci;cci;2;1;25/01/2022;;;
13001400400019;;CHAMBRE DE COMMERCE ET D INDUSTRIE DE L ARDECHE;;82070078607;actif;inconnue;140 Chemin de Saint Clair 07000 Privas;Grenoble;Auvergne-Rhône-Alpes;Oui;cci;cci;1;;17/12/2021;;;
13001727000567;0754955D;CHAMBRE DE COMMERCE ET D INDUSTRIE DE REGION PARIS ILE DE FRANCE;LA FABRIQUE;11755599575;actif;inconnue;8 Avenue de la Porte de Champerret 75017 Paris;Paris;Île-de-France;Non;cci;cci;27;;17/12/2021;0754955D;;
13001727000302;0782090Y;CHAMBRE DE COMMERCE ET D INDUSTRIE DE REGION PARIS ILE DE FRANCE;ISIPCA;11788339878;actif;responsable_formateur;36 Rue du Parc de Clagny 78000 Versailles;Versailles;Île-de-France;Non;cci;cci;27;;17/12/2021;0782090Y;;
13001727000369;;CHAMBRE DE COMMERCE ET D INDUSTRIE DE REGION PARIS ILE DE FRANCE;GESCIA PIERRE SALVI;11950616995;actif;inconnue;4 Place du Cardinal Mercier 95880 Enghien-les-Bains;Versailles;Île-de-France;Non;cci;cci;27;;17/12/2021;0951721E;;
18130001300214;;CHAMBRE DE COMMERCE ET D INDUSTRIE DE REGION PROVENCE-ALPES-COTE D AZUR;CAMPUS;;actif;inconnue;Allée des Fenaisons 84000 Avignon;Aix-Marseille;Provence-Alpes-Côte d'Azur;Non;cci;cci;3;;17/12/2021;0840709P;;
13001727000575;0782058N;CHAMBRE DE COMMERCE ET D INDUSTRIE DE REGION PARIS ILE DE FRANCE;ESSYM;11788339578;actif;responsable_formateur;44 Rue Raymond Patenôtre 78120 Rambouillet;Versailles;Île-de-France;Non;cci;cci;27;;17/12/2021;0782058N;;
13001727000088;;CHAMBRE DE COMMERCE ET D INDUSTRIE DE REGION PARIS ILE DE FRANCE;GOBELINS L'ECOLE DE L'IMAGE;11755600375;actif;inconnue;73 Boulevard Saint-Marcel 75013 Paris;Paris;Île-de-France;Non;cci;cci;27;;17/12/2021;0754969U;;
18710003700048;;CHAMBRE DE COMMERCE ET D INDUSTRIE DE SAONE ET LOIRE;CENTRE FORMATION AUTOMOBILE;;actif;responsable_formateur;288 Rue Claude Bernard 71000 Mâcon;Dijon;Bourgogne-Franche-Comté;Non;cci;cci;3;;17/12/2021;0711317W;;
13001727000336;;CHAMBRE DE COMMERCE ET D INDUSTRIE DE REGION PARIS ILE DE FRANCE;CENTRE ADOLPHE CHAUVIN;11753201275;actif;inconnue;22 Rue des Beaux Soleils 95520 Osny;Versailles;Île-de-France;Oui;cci;cci;27;;17/12/2021;0951286G;;
18760004400049;;CHAMBRE DE COMMERCE ET D INDUSTRIE DU HAVRE;CCI FORMATION;;fermé;inconnue;Avenue Pierre Mendès France 76290 Montivilliers;Normandie;Normandie;Non;cci;cci;;;17/12/2021;0762498C;;
18542200300177;;CHAMBRE DE COMMERCE ET D INDUSTRIE DE REGION LORRAINE;CCI 54 LAXOU;;fermé;inconnue;3 Rue du Mouzon 54520 Laxou;Nancy-Metz;Grand Est;Non;cci;cci;;;17/12/2021;0542483F;;
13001314700058;;CHAMBRE DE COMMERCE ET D INDUSTRIE DE SAINT MALO - FOUGERES;CENTRE FORMATION APPRENTIS;;fermé;inconnue;17 Rue de Siochan 35430 Saint-Jouan-des-Guérets;Rennes;Bretagne;Non;cci;cci;;;17/12/2021;0351883G;;
13002245200044;;CHAMBRE DE COMMERCE ET D INDUSTRIE TERRITORIALE DE LA CHARENTE;CHARENTE BUSINESS SCHOOL (CBS);75160091116;actif;inconnue;Zone industrielle 3 16340 L'Isle-d'Espagnac;Poitiers;Nouvelle-Aquitaine;Oui;cci;cci;2;;17/12/2021;0161122H;;
13001727000740;;CHAMBRE DE COMMERCE ET D INDUSTRIE DE REGION PARIS ILE DE FRANCE;ESSYM ANTENNE GENNEVILLIERS;11753201275;actif;inconnue;40 Avenue Marcel Paul 92230 Gennevilliers;Versailles;Île-de-France;Oui;cci;cci;27;;17/12/2021;0922786D;;
13001727000757;;CHAMBRE DE COMMERCE ET D INDUSTRIE DE REGION PARIS ILE DE FRANCE;ESSYM ANTENNE MONTIGNY LE BRETONNEUX;11753201275;actif;inconnue;7 Avenue des 3 Peuples 78180 Montigny-le-Bretonneux;Versailles;Île-de-France;Oui;cci;cci;27;;17/12/2021;0783697V;;
13001727000617;;CHAMBRE DE COMMERCE ET D INDUSTRIE DE REGION PARIS ILE DE FRANCE;ANTENNE DE CFA FERRANDI PARIS CAMPUS JOUY EN JOSAS;11753201275;actif;inconnue;Chemin de l’Orme Rond 78350 Jouy-en-Josas;Versailles;Île-de-France;Oui;cci;cci;27;;17/12/2021;0783662G;;
13001727000716;;CHAMBRE DE COMMERCE ET D INDUSTRIE DE REGION PARIS ILE DE FRANCE;SUP DE VENTE;11753201275;actif;inconnue;8 Avenue de la Porte de Champerret 75017 Paris;Paris;Île-de-France;Oui;cci;cci;27;;17/12/2021;0756148A;;
13001727000724;;CHAMBRE DE COMMERCE ET D INDUSTRIE DE REGION PARIS ILE DE FRANCE;GOBELINS - SITE PARIS GAMBETTA;11753201275;actif;inconnue;247 Avenue Gambetta 75020 Paris;Paris;Île-de-France;Oui;cci;cci;28;;17/12/2021;0755900F;;
13001727000658;0752325V;CHAMBRE DE COMMERCE ET D INDUSTRIE DE REGION PARIS ILE DE FRANCE;L'EA ECOLES ECO-ACTIVITES CAMPUS PARIS GAMBETTA;11753201275;actif;responsable_formateur;247 Avenue Gambetta 75020 Paris;Paris;Île-de-France;Oui;cci;cci;27;;17/12/2021;0752325V;;
18130001300156;0060918R;CHAMBRE DE COMMERCE ET D INDUSTRIE DE REGION PROVENCE-ALPES-COTE D AZUR;INSTITUT FORMATION AUTOMOBILE;;actif;inconnue;45 Avenue Valéry Giscard d'Estaing 06200 Nice;Nice;Provence-Alpes-Côte d'Azur;Non;cci;cci;3;;17/12/2021;0060918R;;
18130001300230;;CHAMBRE DE COMMERCE ET D INDUSTRIE DE REGION PROVENCE-ALPES-COTE D AZUR;CENTRE REGIONAL ET EUROPEEN DU TOURISME;;actif;inconnue;36 Avenue de la République 05100 Briançon;Aix-Marseille;Provence-Alpes-Côte d'Azur;Non;cci;cci;3;;17/12/2021;0050666X;;
79026100000000;0342314F;GROUPE SUP DE CO MONTPELLIER;;91340783934;actif;inconnue;2300 Avenue des Moulins 34080 Montpellier;Montpellier;Occitanie;Oui;;cci;;;25/01/2022;0340137P;0341817R;0342314F
